,OBJECTID,GEOID,CITY,COUNTY,STATEABB,COUNTYFIPS,CBSA,CBSANAME,STATEFIPS,POPULATION,DOE_DAC,LINGISOPCT,OVER64PCT,PRE1960PCT,DSLPM,CANCER,PTRAF,PWDIS,PNPL,PRMP,PTSDF,PM25,LONGCOMPCT,NOCARPCT,ENERGYBRDN,FOSSEMPLMT,COALEMPLMT,OUTAGECNT,OUTAGEDUR,FOODSRTPCT,JOBACCESS,HOUSEBRDN,RENTPCT,TRNSPTBRDN,NOINTPCT,GREENSPACE,HOMELESPCT,UNINSURPCT,UNEMPPCT,DISABLPCT,INCPLMBPCT,SNGLPNTPCT,MOBILHMPCT,NONGRIDPCT,LESSHSPCT,LOWINCFPCT,LOWINCAPCT,EAL_NPCTL,ST_ABBR,FIPS,LOCATION,AREA_SQMI,E_TOTPOP,total_work,non_transi,transit_us,est_vmiles,est_annual,Avg_Annual,five_year_,Highway_MP,Mean_Annua,Mean_Ann_1,Average_au,Average_An,Average__1,travel_tim,average__2,transporta,zero_vehic,EPL_NOVEH,one_vehicl,two_vehicl,three_vehi,EPL_COMMUT,EPL_TCB,NWKI,EPL_NWKI,Transp_TH,EPL_AGE65,EP_UNINSUR,EPL_UNINSU,EPL_DISABL,Health_TH,EPL_NOHSDP,B25003_c_2,EPL_Renter,EPL_UNEMP,EPL_PCI,EPL_POV,GINI,EPL_GINI,B25106_001,B25106_002,B25106_006,B25106_010,B25106_014,B25106_018,B25106_022,B25106_024,B25106_028,B25106_032,B25106_036,B25106_040,B25106_044,P_HUCB,EPL_HUCB,Economy_TH,EPL_LIMENG,Equity_TH,Resilience,P_LDPNT,P_DSLPM,P_CANCR,P_RESP,P_OZONE,P_PM25,ENVIRO_TH,Transpor_1,HealthDis,EconomyDis,EquityDis,Resilien_1,EnviroDis,SumDis,DOT_DAC,Shape_Leng,Count_,NEVI_DAC,Shape__Area,Shape__Length
0,1,6001400700,Oakland,"Alameda County, CA",CA,6001,41860,"San Francisco-Oakland-Berkeley, CA",6,5128,0,0.0485,0.1134,0.7358,3.494,116.4442,17401.2051,0.0,0.844,2.0492,66.3408,44.8886,0.5606,0.0705,1,0.0009,0.0005,2,730,1,-7.1,22,67,15,7.8,0,4.165,0.1049,0.0695,0.108,0.0,0.27,0.0,0.0533,0.0425,0.3322,0.5558,86.7801,CA,6001400700,"Census Tract 4007, Alameda County, California",0.339887135008,5116,3223,1246,929,27.27,6817.5,43267,3.18818043,23.61574858,8500,141.6666667,1.57,9212.403696,2098.43626,2637.231107,6803.56753,0.157246112,7.0,83.5,43.7,34.6,14.7,87.6,4.932119159,16.0,5.0264,45.2646297898,28.85,12.4,74.0310777,52.24,51.7070259,43.14,62.7,85,52.17,24.96,53.06,0.4447,66,1951,728,32,63,41,44,43,1223,131,156,64,91,20,35.1101998975,66.6703,55.8571857143,78.79,78.79,86.7801317,89.7597709133,89.9089455748,39.483217178,65.2187391461,1.49520853154,94.628583114,63.4157440763,0,1,1,1,1,1,5,1,0.0421828805279,1,1,1404190.8984375,5366.23474605112
1,2,6001400800,Oakland,"Alameda County, CA",CA,6001,41860,"San Francisco-Oakland-Berkeley, CA",6,4069,0,0.0193,0.0998,0.6433,2.6841,86.0645,6048.6017,0.0,0.619,1.9131,51.2924,33.4806,0.5477,0.0767,1,0.0009,0.0005,2,730,1,-6.5,25,63,15,11.3,-1,4.165,0.0509,0.0566,0.0725,0.0,0.4674,0.0,0.0672,0.0369,0.3595,0.2931,81.8254,CA,6001400800,"Census Tract 4008, Alameda County, California",0.268818884276,3792,2381,879,707,29.91,7477.5,46214,3.18818043,23.61574858,7325,122.0833333,1.689,10151.03526,2098.43626,2272.672689,6643.254137,0.143749819,7.7,85.1,31.3,45.1,15.8,71.3,3.736916627,16.16666667,4.2576,41.0986291567,22.36,5.6,35.6491189,22.58,26.8630396333,30.61,59.6,82,69.72,21.0,50.53,0.4698,78,1652,668,45,27,45,33,123,984,77,171,8,115,61,42.6755447942,82.65,59.2157142857,76.95,76.95,81.82543065,84.765615031,90.6286620646,37.3868410465,64.2454779386,1.19254298351,94.4449700825,62.1106848578,0,0,1,1,1,1,4,1,0.0375397526917,1,1,1106726.359375,4739.31697605312
2,3,6001401000,Oakland,"Alameda County, CA",CA,6001,41860,"San Francisco-Oakland-Berkeley, CA",6,6133,1,0.0414,0.0973,0.7816,5.3583,176.2358,80702.7464,0.0,1.6209,3.2863,99.659,67.3066,0.6188,0.1499,2,0.0009,0.0005,2,730,1,-8.2,21,69,14,13.9,0,4.165,0.0713,0.0495,0.1457,0.0202,0.5126,0.0,0.0275,0.1393,0.2701,0.4866,92.2133,CA,6001401000,"Census Tract 4010, Alameda County, California",0.441829259966,6024,3905,1032,1695,28.02,7005.0,43636,3.18818043,23.61574858,7425,123.75,1.497,8844.579696,2098.43626,2303.698937,5551.959041,0.127233455,15.0,92.7,38.4,28.5,18.1,73.1,2.631944252,14.80555556,11.8307,45.065661063,16.65,7.4,48.4995765,67.09,44.0798588333,67.22,65.4,87,68.91,27.9,73.74,0.4421,64,2470,855,111,65,48,11,121,1615,324,176,31,104,163,46.7206477733,88.6608,68.2044,70.29,70.29,92.21325561,91.7648598198,90.5650433104,40.7127325253,66.4817164445,1.48071247874,94.6070059911,64.2686784283,0,0,1,1,1,1,4,1,0.0449449214052,1,1,1834121.46875,5669.77155853381
3,4,6001401100,Oakland,"Alameda County, CA",CA,6001,41860,"San Francisco-Oakland-Berkeley, CA",6,4287,0,0.0341,0.0391,0.6642,3.44,118.4657,67684.5325,0.0,0.9823,1.9894,79.1489,44.9732,0.5876,0.2232,1,0.0009,0.0005,2,730,1,-8.5,22,78,13,5.6,0,4.165,0.0991,0.0367,0.0702,0.0,0.4383,0.0,0.0642,0.0319,0.2899,0.3576,90.5319,CA,6001401100,"Census Tract 4011, Alameda County, California",0.340925363286,4366,3132,608,1725,28.47,7117.5,53068,3.18818043,23.61574858,8175,136.25,1.174,6964.70893,2098.43626,2536.3958,5044.168973,0.095051047,22.3,95.4,50.9,13.9,12.9,84.2,1.202143313,16.54166667,2.9272,45.9323358283,3.22,8.6,55.9919737,18.6,25.9373245667,16.01,79.8,94,57.8,7.37,53.43,0.4605,74,2071,419,18,11,11,0,87,1652,207,168,139,55,118,39.3046837277,76.5033,54.1590428571,68.59,68.59,90.53190173,85.4261129107,89.4447140167,41.985133631,67.5983883592,1.76270100296,94.6869957062,63.4840076045,0,0,1,1,1,1,4,1,0.0415112729258,1,1,1413390.546875,5447.21417387253
4,5,6001401300,Oakland,"Alameda County, CA",CA,6001,41860,"San Francisco-Oakland-Berkeley, CA",6,3921,1,0.1085,0.1474,0.4743,2.6363,88.8108,48791.772,0.0,1.0815,1.8068,47.9636,33.6439,0.596,0.2371,1,0.0009,0.0005,2,730,0,-9.2,17,86,12,12.1,0,4.165,0.0581,0.0575,0.1544,0.0383,0.5018,0.0,0.0717,0.1067,0.4293,0.6315,95.9788,CA,6001401300,"Census Tract 4013, Alameda County, California",0.331452736818,3855,2299,787,704,19.53,4882.5,46076,3.18818043,23.61574858,8325,138.75,1.196,6518.842694,2098.43626,2582.935172,5457.066676,0.118436207,23.7,95.8,42.4,24.8,9.2,85.9,2.116938283,16.27777778,3.8045,46.9053595708,48.28,10.2,64.6501326,76.48,63.1367108667,66.62,83.9,96,71.21,22.92,83.25,0.5326,94,1827,294,0,0,0,33,59,1533,198,302,110,83,38,45.0465243569,86.4133,74.3447571429,85.63,85.63,95.97877342,75.4743340955,90.0767491352,41.9226465392,66.6131447899,1.69187751975,94.5980274487,61.7294632547,0,1,1,1,1,1,5,1,0.0410211404,1,1,1379345.1796875,5189.11456800916
5,6,6001401400,Oakland,"Alameda County, CA",CA,6001,41860,"San Francisco-Oakland-Berkeley, CA",6,4732,1,0.0667,0.0784,0.8136,2.7085,88.6235,54678.4903,0.0,1.131,1.725,41.3176,33.6739,0.4885,0.135,2,0.0009,0.0005,2,730,0,-9.0,15,82,13,17.9,0,4.165,0.1221,0.065,0.1672,0.0131,0.4524,0.0,0.0594,0.1546,0.5416,0.7214,85.9113,CA,6001401400,"Census Tract 4014, Alameda County, California",0.292743694706,4331,2652,1073,863,21.89,5472.5,31618,3.18818043,23.61574858,7425,123.75,1.55,8645.522605,2098.43626,2303.698937,6484.542168,0.205090207,13.5,91.8,39.2,26.1,21.2,73.1,10.76653988,15.83333333,5.7609,45.35685997,12.47,12.6,74.782331,89.69,58.980777,69.54,81.1,95,63.75,38.61,87.01,0.5922,99,1598,302,9,25,35,15,34,1296,225,245,64,53,111,51.0638297872,93.2286,78.0198,87.9,87.9,85.91127181,93.561221357,90.9075246679,41.5966673774,66.5675449626,1.43786813898,94.6369337383,64.784626707,0,1,1,1,1,1,5,1,0.0391137698036,1,1,1217110.63671875,5100.57778628113
6,7,6001401500,Oakland,"Alameda County, CA",CA,6001,41860,"San Francisco-Oakland-Berkeley, CA",6,2839,1,0.0635,0.1045,0.7381,2.8086,87.1811,25056.5693,0.0,1.1783,1.8726,39.513,33.6266,0.4438,0.0883,2,0.0009,0.0005,2,730,0,-8.5,17,61,14,21.4,-1,4.165,0.0726,0.068,0.2043,0.0166,0.6879,0.0,0.0482,0.0937,0.3565,0.4921,79.5007,CA,6001401500,"Census Tract 4015, Alameda County, California",0.18059534948,2663,1642,585,452,24.96,6240.0,40617,3.18818043,23.61574858,7225,120.4166667,1.905,10940.88978,2098.43626,2241.646441,6717.233352,0.16537985,8.8,87.0,25.0,33.1,33.1,69.5,5.788611566,16.83333333,2.3066,41.1488028915,29.94,10.0,63.7315485,89.44,61.0371828333,57.52,64.3,86,64.68,23.04,69.83,0.5752,98,1142,408,21,19,12,71,55,734,187,51,9,53,74,48.3362521891,90.4813,69.9359,74.42,74.42,79.50068052,89.9267046209,91.8981867715,39.1903511439,66.0235180437,1.26219449849,94.5881076528,63.8148437886,0,1,1,1,1,1,5,1,0.0298232471535,1,1,747058.31640625,3725.4784952948
7,8,6001401600,Oakland,"Alameda County, CA",CA,6001,41860,"San Francisco-Oakland-Berkeley, CA",6,2289,0,0.1153,0.0559,0.4737,1.8573,57.3343,10617.4036,0.0,1.0006,1.3551,22.8896,22.4202,0.5045,0.0978,1,0.0009,0.0005,2,730,0,-8.9,17,78,13,17.7,0,4.165,0.1232,0.0916,0.1581,0.0,0.7072,0.0,0.1049,0.1161,0.4133,0.5711,77.0687,CA,6001401600,"Census Tract 4016, Alameda County, California",0.245586740834,2269,1321,457,446,26.35,6587.5,44054,3.18818043,23.61574858,7750,129.1666667,1.485,8639.996037,2098.43626,2404.534244,6102.021573,0.138512316,9.8,88.4,51.3,19.8,19.2,78.4,3.394042033,15.91666667,5.2996,43.8734105083,4.42,15.4,83.3759182,76.92,54.9053060667,54.67,80.8,95,64.68,29.42,82.8,0.5264,93,896,172,14,6,0,17,6,724,151,91,40,61,30,46.4285714286,88.3107,72.5543857143,87.65,87.65,77.06869767,75.3605899889,91.6848032104,37.2895924351,64.5444626321,1.24454763141,94.5896995841,60.7856159137,0,1,1,1,1,1,5,1,0.0383216222606,1,1,1018226.96875,4610.98754782851
8,9,6001401700,Oakland,"Alameda County, CA",CA,6001,41860,"San Francisco-Oakland-Berkeley, CA",6,3018,0,0.0199,0.0531,0.3429,4.7128,88.6514,18070.6332,0.0,2.1681,1.7711,32.3301,33.3235,0.6316,0.0847,1,0.0009,0.0005,2,730,1,-8.1,25,58,15,7.2,-2,4.165,0.0802,0.0507,0.0919,0.0,0.8192,0.0,0.0842,0.0386,0.1818,0.415,93.1838,CA,6001401700,"Census Tract 4017, Alameda County, California",2.22292898292,3002,1992,929,645,38.34,9585.0,54944,3.18818043,23.61574858,7850,130.8333333,1.527,9871.317638,2098.43626,2435.560493,7718.66565,0.140482412,8.5,86.5,46.7,28.4,16.4,79.9,3.523140565,12.38888889,31.1152,50.2595851412,12.86,8.0,52.2968075,39.64,34.9322691667,27.65,47.0,70,74.66,11.4,63.38,0.3817,25,1295,686,12,24,20,76,78,609,41,23,32,75,8,30.0386100386,52.0855,46.3107857143,71.35,71.35,93.1838491,55.6990172354,97.5851341862,41.6605321047,69.3566496212,0.658221813054,94.3168348901,59.8793983085,1,0,0,1,1,1,4,1,0.146067702829,1,1,10020080.9414063,17405.5330652815
9,10,6001402400,Oakland,"Alameda County, CA",CA,6001,41860,"San Francisco-Oakland-Berkeley, CA",6,2866,1,0.1775,0.1575,0.6399,1.8356,57.3789,8084.7577,0.0,1.7629,1.537,21.4509,22.3921,0.4107,0.0915,2,0.0009,0.0005,2,730,1,-9.0,14,86,13,26.7,0,4.165,0.1117,0.0391,0.1657,0.018,0.5333,0.0,0.1327,0.1835,0.3768,0.6034,64.8373,CA,6001402400,"Census Tract 4024, Alameda County, California",0.130146489956,2787,1672,810,529,21.35,5337.5,40915,3.18818043,23.61574858,6175,102.9166667,1.846,10242.80246,2098.43626,1915.870833,7541.913162,0.184331252,9.2,87.6,31.5,24.8,34.5,47.0,7.958299786,14.33333333,15.7121,39.5675999465,45.84,11.2,69.1319623,74.56,63.1773207667,63.74,76.5,93,24.52,31.35,48.99,0.5867,98,1221,287,15,0,0,26,26,934,282,133,73,24,18,48.8943488943,91.1293,64.3899,82.02,82.02,64.83729499,84.9575939253,91.3568001915,37.3940768081,65.1899819736,1.24384021032,94.5412900321,62.4472638568,0,1,1,1,0,1,4,1,0.0239457245052,1,1,539663.83203125,3023.04995748363
10,11,6001402500,Oakland,"Alameda County, CA",CA,6001,41860,"San Francisco-Oakland-Berkeley, CA",6,1781,0,0.0459,0.0763,0.3719,1.9434,57.5825,15259.8826,0.0,2.9806,3.4461,20.0424,22.3184,0.5617,0.3736,2,0.0009,0.0005,2,730,1,-8.9,12,85,13,15.4,-1,4.165,0.0483,0.1434,0.1392,0.0,0.6882,0.0,0.0218,0.188,0.6654,0.7435,57.8122,CA,6001402500,"Census Tract 4025, Alameda County, California",0.141102520308,1786,712,229,286,20.36,5090.0,24973,3.18818043,23.61574858,8325,138.75,1.01,5550.232494,2098.43626,2582.935172,5210.963278,0.208663888,37.4,97.7,32.6,21.6,8.4,85.9,11.35650629,14.33333333,15.7121,52.6671515725,10.17,2.0,7.6402872,83.56,33.7900957333,65.36,89.4,97,93.87,88.96,95.52,0.5189,92,734,78,9,24,0,0,6,656,168,69,69,11,0,48.5013623978,90.6872,89.0567428571,59.63,59.63,57.81217779,67.7594863387,92.7198185469,37.8766621759,65.1905352583,1.21117225864,94.4394634842,59.8661896771,1,0,1,1,0,1,4,1,0.0251990684203,1,1,589413.9453125,3200.5573512951
11,12,6001402600,Oakland,"Alameda County, CA",CA,6001,41860,"San Francisco-Oakland-Berkeley, CA",6,1243,0,0.3414,0.2776,0.2527,0.9716,29.2303,14327.431,0.0,0.9967,1.643,10.4827,11.1706,0.5495,0.1652,2,0.0009,0.0005,2,730,1,-9.1,14,83,12,26.6,0,4.165,0.0893,0.1068,0.222,0.0,0.7394,0.0,0.0491,0.1712,0.6299,0.7287,50.9575,CA,6001402600,"Census Tract 4026, Alameda County, California",0.123105533884,1196,569,240,158,15.17,3792.5,34286,3.18818043,23.61574858,8500,141.6666667,1.074,5601.452779,2098.43626,2637.231107,5582.576618,0.162823795,16.5,93.4,62.9,17.0,3.5,87.6,5.517921097,16.66666667,2.6292,47.2867802742,94.62,10.4,65.5853804,95.16,85.1217934667,85.2,89.4,97,91.0,72.92,96.63,0.55,96,631,67,22,4,0,5,10,564,163,39,49,29,0,50.8716323296,93.057,90.2581428571,99.32,99.32,50.9575331,58.5421545905,92.7175927068,40.0411493243,66.9868932374,1.34070140412,94.4721607429,59.0167753343,0,1,1,1,0,1,4,1,0.0233536653099,1,1,510354.05859375,2970.18206566392
12,13,6001402800,Oakland,"Alameda County, CA",CA,6001,41860,"San Francisco-Oakland-Berkeley, CA",6,4480,1,0.1503,0.1762,0.3633,1.8055,57.8141,22310.6325,0.0,1.0281,1.8846,29.1685,22.4043,0.6171,0.2431,1,0.0009,0.0005,2,730,0,-9.1,12,94,11,29.6,-2,4.165,0.0625,0.0891,0.2141,0.0674,0.3872,0.0024,0.0896,0.1335,0.4551,0.616,93.7228,CA,6001402800,"Census Tract 4028, Alameda County, California",0.153788673722,4639,2301,524,986,0.0,5534.166667,58929,3.18818043,23.61574858,7800,130.0,1.144,6396.165131,2098.43626,2420.047369,4775.826891,0.081043746,24.3,95.9,42.9,26.9,5.9,79.2,0.824564813,18.83333333,0.1538,44.0195912033,60.07,4.6,27.6748643,93.33,60.3582881,70.86,92.0,98,71.21,8.34,87.72,0.6031,99,2389,192,12,13,0,30,52,2197,637,90,64,27,104,43.0724152365,83.2939,74.0605571429,83.27,83.27,93.7227622,66.0793316185,90.9056981469,38.4015354077,65.4458773767,1.56996071163,94.5607105962,59.4938523096,0,1,1,1,1,1,5,1,0.0271164453874,1,1,641901.25390625,3391.67727924345
13,14,6001402900,Oakland,"Alameda County, CA",CA,6001,41860,"San Francisco-Oakland-Berkeley, CA",6,1406,1,0.2647,0.2712,0.6188,0.8921,28.8257,7239.3558,0.0,0.4252,0.8871,15.5072,11.1992,0.5544,0.4342,1,0.0009,0.0005,2,730,0,-9.2,12,99,11,23.7,0,4.165,0.0804,0.0582,0.2346,0.0148,0.8936,0.0,0.1075,0.2055,0.5034,0.6506,96.5039,CA,6001402900,"Census Tract 4029, Alameda County, California",0.151273991396,1427,720,201,390,0.0,4273.333333,40000,3.18818043,23.61574858,6700,111.6666667,0.77,4095.772754,2098.43626,2078.758637,4358.814838,0.108970371,43.4,98.2,43.7,5.4,7.5,58.9,1.71437297,17.16666667,1.5693,40.0959182425,94.02,13.0,76.177218,89.21,86.4690726667,80.27,100.0,100,52.17,25.9,82.1,0.5291,94,949,0,0,0,0,0,0,949,200,104,54,52,14,44.6786090622,85.8462,74.3266,96.52,96.52,96.50393874,83.9093172957,90.5369342182,38.0232256145,64.3855766825,1.72967263754,94.544797207,62.1882539426,0,1,1,1,1,1,5,1,0.0289530812191,1,1,623072.97265625,3633.99269482677
14,15,6001403000,Oakland,"Alameda County, CA",CA,6001,41860,"San Francisco-Oakland-Berkeley, CA",6,2905,1,0.6636,0.3961,0.4209,1.8476,57.6378,33224.6099,0.0,0.9757,2.2111,26.3398,22.3312,0.5066,0.2195,1,0.0009,0.0005,2,730,0,-9.1,16,80,11,34.2,-2,4.165,0.0306,0.0772,0.2382,0.0354,0.1825,0.0141,0.0783,0.3989,0.5449,0.7314,97.0319,CA,6001403000,"Census Tract 4030, Alameda County, California",0.136060028188,2969,1139,455,471,13.83,3457.5,31021,3.18818043,23.61574858,6050,100.8333333,1.015,5220.419841,2098.43626,1877.088023,4830.252646,0.155709121,21.9,95.3,55.8,20.9,1.3,44.0,4.787750909,16.08333333,4.6241,37.1779627272,98.6,6.1,39.4623193,96.53,78.1974397667,97.22,66.3,87,78.13,57.09,88.44,0.5887,99,1469,495,149,48,11,12,20,974,275,164,44,46,0,52.3485364193,94.3022,85.8831714286,99.92,99.92,97.03185361,65.3739910709,91.5465278896,37.9857971141,65.7735684372,1.62572476172,94.4572416093,59.4604751471,0,1,1,1,1,1,5,1,0.0245491984935,1,1,572748.55078125,3102.86139211486
15,16,6001403100,Oakland,"Alameda County, CA",CA,6001,41860,"San Francisco-Oakland-Berkeley, CA",6,2101,0,0.2978,0.1463,0.2468,0.9518,29.2838,20034.5887,0.0,0.8241,1.6726,10.193,11.1685,0.5674,0.1988,1,0.0009,0.0005,2,730,0,-9.1,19,73,12,13.7,-2,4.165,0.0475,0.0532,0.1142,0.0223,0.3603,0.0,0.0768,0.1036,0.4156,0.4053,97.1295,CA,6001403100,"Census Tract 4031, Alameda County, California",0.133920250904,1668,1209,356,664,22.18,5545.0,60163,3.18818043,23.61574858,8400,140.0,1.045,5845.091903,2098.43626,2606.204858,5479.831322,0.09108308,19.9,94.7,58.9,18.0,3.2,86.6,1.088314501,19.0,0.1085,45.6242036253,45.84,2.5,11.0091234,83.56,46.8030411333,88.42,71.9,91,63.75,32.1,94.55,0.4772,81,898,252,22,10,0,16,25,646,188,12,0,19,107,44.4320712695,85.4481,76.6097285714,96.15,96.15,97.12946287,57.9454751478,92.2839925498,40.3175946374,67.7255295229,1.45281626785,94.4665419051,59.0319916718,0,0,1,1,1,1,4,1,0.0240059484032,1,1,549158.72265625,3033.48156620664
16,17,6001403300,Oakland,"Alameda County, CA",CA,6001,41860,"San Francisco-Oakland-Berkeley, CA",6,4178,0,0.2868,0.1894,0.1748,1.8689,58.0596,34689.1668,0.0,0.8264,1.911,20.6492,22.3036,0.5704,0.1473,1,0.0009,0.0005,2,730,0,-9.0,25,76,12,26.3,-3,4.165,0.0306,0.0626,0.1905,0.0,0.4314,0.0321,0.0985,0.2231,0.4038,0.4927,92.9075,CA,6001403300,"Census Tract 4033, Alameda County, California",0.353606497374,4240,2403,709,1099,21.5,5375.0,52860,3.18818043,23.61574858,7300,121.6666667,1.242,6901.462405,2098.43626,2264.916127,5260.887119,0.099524917,14.7,92.5,47.1,37.5,0.7,70.9,1.37011022,19.33333333,0.0357,41.201452555,82.88,7.5,49.1348784,86.47,72.8282928,84.17,67.2,88,89.91,12.13,87.61,0.5064,90,2143,703,140,32,44,14,94,1440,229,167,103,84,133,48.5300979935,90.7422,77.5088857143,98.31,98.31,92.90751866,49.6253701924,91.8539562153,39.0460572258,65.1339369618,1.81673594005,94.4191643337,56.9825368115,0,1,1,1,1,1,5,1,0.0415421389066,1,1,1621190.0390625,5203.73471172003
17,18,6001403400,Oakland,"Alameda County, CA",CA,6001,41860,"San Francisco-Oakland-Berkeley, CA",6,4340,1,0.1523,0.2375,0.5024,3.4229,115.4147,17034.7198,0.0,1.5017,3.2506,59.4655,44.7422,0.5996,0.1947,1,0.0009,0.0005,2,730,0,-9.1,20,90,12,11.9,-3,4.165,0.0823,0.0178,0.1898,0.0056,0.6553,0.0,0.1142,0.0758,0.2422,0.4602,92.458,CA,6001403400,"Census Tract 4034, Alameda County, California",0.256462075868,4617,2897,801,1167,18.2,4550.0,55221,3.18818043,23.61574858,7500,125.0,0.989,5319.674572,2098.43626,2326.968624,4643.135157,0.084082779,19.5,94.6,65.2,12.5,2.9,74.3,0.902301563,12.45833333,30.555,50.0893253907,85.11,8.2,53.5472762,83.24,73.9657587333,44.58,90.3,97,6.09,6.28,45.82,0.4896,85,2838,275,14,28,0,29,15,2563,330,262,103,244,139,41.0147991543,79.7311,52.0715857143,89.65,89.65,92.45796615,77.0215428917,89.2656334861,38.1586093568,64.5187017471,2.01388911731,94.5121301907,60.9150844649,1,1,1,1,1,1,6,1,0.0515459821785,1,1,2069977.140625,6321.41162135311
18,19,6001403501,Oakland,"Alameda County, CA",CA,6001,41860,"San Francisco-Oakland-Berkeley, CA",6,4492,0,0.1752,0.136,0.3343,2.5577,87.5518,34138.1777,0.0,0.8583,1.4383,51.3857,33.6838,0.5145,0.1881,1,0.0009,0.0005,2,730,0,-9.2,17,86,12,14.9,-1,4.165,0.0381,0.0323,0.2016,0.0,0.0617,0.0,0.0595,0.0655,0.3819,0.6181,92.5143,CA,6001403501,"Census Tract 4035.01, Alameda County, California",0.258638918944,4644,2599,1233,666,19.25,4812.5,49727,3.18818043,23.61574858,8075,134.5833333,1.199,6517.096843,2098.43626,2505.369551,6134.895891,0.123371526,18.8,94.3,44.7,34.3,2.2,83.0,2.395957689,16.83333333,2.3066,45.5006394223,63.1,9.2,59.3864997,83.56,68.6821665667,54.27,89.5,97,35.44,19.05,65.33,0.5005,88,2655,279,0,0,0,15,50,2376,396,381,129,309,30,49.34086629,91.5797,64.3813857143,90.75,90.75,92.51433206,64.2530018997,89.1360979566,39.7929159536,65.0322648611,1.93607653816,94.6449217664,59.1325464959,0,1,1,1,1,1,5,1,0.0403556152828,1,1,1066626.5625,5160.01095755706
19,20,6001403600,Oakland,"Alameda County, CA",CA,6001,41860,"San Francisco-Oakland-Berkeley, CA",6,5570,0,0.0364,0.1167,0.2646,2.4821,86.811,19823.4507,0.0,0.8063,1.7045,40.3258,33.6099,0.5119,0.0565,1,0.0009,0.0005,2,730,0,-9.2,20,84,13,4.6,0,4.165,0.049,0.0528,0.0758,0.0201,0.4637,0.0,0.0469,0.0515,0.3108,0.3414,86.5327,CA,6001403600,"Census Tract 4036, Alameda County, California",0.151155458082,5252,3651,1833,968,28.69,7172.5,45497,3.18818043,23.61574858,7275,121.25,1.467,8720.31769,2098.43626,2257.159565,7191.596329,0.158067484,5.6,79.4,49.1,38.3,7.0,70.4,5.022349316,12.44444444,30.7033,46.381412329,27.71,5.1,31.7491286,19.24,26.2330428667,32.92,88.6,97,44.73,14.07,19.42,0.4478,68,2643,301,33,45,31,14,46,2342,217,253,204,153,154,43.5111615588,84.0175,51.4510714286,79.08,79.08,86.53267161,59.379230869,88.1888476347,38.5470771594,65.1167885444,2.19377860092,94.5623480469,57.9980118092,0,0,1,1,1,1,4,1,0.0328211710104,1,1,626573.70703125,4077.91911683253
20,21,6001403701,Oakland,"Alameda County, CA",CA,6001,41860,"San Francisco-Oakland-Berkeley, CA",6,2968,0,0.0495,0.2095,0.5143,1.6995,57.0854,5615.0556,0.0,0.6112,1.2529,31.7981,22.4431,0.491,0.1156,1,0.0009,0.0005,2,730,0,-9.3,19,90,12,7.1,-1,4.165,0.0812,0.0401,0.1235,0.0,0.3246,0.0,0.0621,0.0541,0.2365,0.3145,80.008,CA,6001403701,"Census Tract 4037.01, Alameda County, California",0.067161284594,2795,1927,771,532,21.94,5485.0,57885,3.18818043,23.61574858,7525,125.4166667,1.202,6707.703112,2098.43626,2334.725186,5597.832186,0.096706093,11.6,90.3,63.1,19.1,6.3,74.8,1.257669563,14.25,16.264,45.6554173908,71.49,12.5,74.4178135,71.58,72.4959378333,20.16,87.5,97,24.52,5.97,46.21,0.4319,58,1738,218,20,0,9,0,27,1520,123,221,132,57,41,36.248561565,69.5246,45.9120857143,55.36,55.36,80.00797371,77.8615864955,89.0507892659,36.6830046944,63.4420785353,2.01031615752,94.6253556026,60.6121884585,0,1,0,1,1,1,4,1,0.0189043456851,1,1,268926.6484375,2321.90228644157
21,22,6001404102,Oakland,"Alameda County, CA",CA,6001,41860,"San Francisco-Oakland-Berkeley, CA",6,2653,0,0.1283,0.3365,0.4292,1.631,57.3077,3561.441,0.0,0.4392,0.5792,32.2613,22.4949,0.5641,0.1172,1,0.0009,0.0005,2,730,0,-8.6,20,85,13,14.8,0,4.165,0.0226,0.023,0.2132,0.006,0.0829,0.0,0.0253,0.0519,0.2694,0.2448,82.5321,CA,6001404102,"Census Tract 4041.02, Alameda County, California",0.088869869544,2605,1416,670,364,23.28,5820.0,71650,3.18818043,23.61574858,7100,118.3333333,1.277,7218.480586,2098.43626,2202.86363,6157.816167,0.085943003,11.7,90.4,51.7,33.8,2.8,67.2,0.964768594,16.25,3.9706,40.6338421485,96.77,2.7,12.4387263,89.0,66.0695754333,31.76,85.0,96,20.65,2.94,37.37,0.5121,91,1657,249,24,19,0,23,9,1408,240,114,59,93,82,40.012070006,77.9298,51.0928285714,84.4,84.4,82.5320667,72.392046925,87.7156566441,37.2194984534,64.0820569754,2.25277982741,94.6963592927,59.7263996864,0,1,1,1,1,1,5,1,0.0244684885706,1,1,354483.26171875,3033.37685803184
22,23,6001404800,Oakland,"Alameda County, CA",CA,6001,41860,"San Francisco-Oakland-Berkeley, CA",6,2647,0,0.0256,0.1575,0.581,1.1834,52.4026,4198.373,0.0,0.2821,0.5907,15.2497,22.3015,0.5807,0.0136,1,0.0009,0.0005,2,730,1,-7.2,24,50,16,6.0,-1,4.165,0.0174,0.0657,0.1194,0.0,0.2179,0.0,0.0406,0.0414,0.218,0.4141,77.8056,CA,6001404800,"Census Tract 4048, Alameda County, California",0.24262842731,2707,1395,672,297,31.77,7942.5,62878,3.18818043,23.61574858,7950,132.5,1.679,10259.28091,2098.43626,2466.586741,7855.455803,0.124931706,1.4,42.2,41.2,45.5,11.9,81.4,2.493128627,14.08333333,17.5381,35.9078071568,53.19,3.4,17.8044242,40.38,37.1248080667,26.46,53.5,77,66.4,7.08,32.04,0.4949,87,1159,539,20,12,8,8,78,620,83,114,27,104,33,42.0189818809,81.4816,53.9230857143,74.01,74.01,77.80557885,81.8015184001,73.7108702422,26.761346769,48.8889795816,3.03759478574,94.4178424009,54.7696920299,0,0,1,1,1,1,4,1,0.0370529359224,1,1,992183.0,4707.17027663358
23,24,6001405302,Oakland,"Alameda County, CA",CA,6001,41860,"San Francisco-Oakland-Berkeley, CA",6,2373,0,0.2729,0.1738,0.5328,1.6682,57.3051,10940.8871,0.0,0.574,1.5185,19.573,22.3453,0.5312,0.1803,1,0.0009,0.0005,2,730,0,-9.0,14,94,11,18.2,-1,4.165,0.0839,0.0547,0.1627,0.0,0.1275,0.0,0.0959,0.2215,0.3919,0.5771,72.1374,CA,6001405302,"Census Tract 4053.02, Alameda County, California",0.079369443732,2454,1398,496,419,18.61,4652.5,43455,3.18818043,23.61574858,8300,138.3333333,1.251,6756.580273,2098.43626,2575.17861,5601.293494,0.128898711,18.0,94.0,48.9,22.8,10.2,85.6,2.726338877,16.91666667,2.054,46.0950847192,63.1,10.1,64.1953536,80.2,69.1651178667,84.0,93.8,98,82.03,16.61,63.38,0.5465,96,1377,85,0,0,0,0,7,1292,249,148,97,23,28,40.0871459695,78.0726,74.0132285714,96.05,96.05,72.13736785,78.1494575941,88.4558861788,37.2143382839,62.0285483246,2.21360728062,94.4816094444,60.4239078511,0,1,1,1,0,1,4,1,0.0219649856447,1,1,330199.625,2629.18379124388
24,25,6001405401,Oakland,"Alameda County, CA",CA,6001,41860,"San Francisco-Oakland-Berkeley, CA",6,3648,0,0.2313,0.1304,0.5771,2.4392,84.1503,8548.7049,0.0,0.7583,2.3213,26.2612,33.4832,0.5317,0.1206,2,0.0009,0.0005,2,730,0,-8.7,14,89,12,19.7,0,4.165,0.0803,0.066,0.1035,0.0,0.4714,0.0,0.1183,0.1279,0.358,0.6736,77.0302,CA,6001405401,"Census Tract 4054.01, Alameda County, California",0.12120900086,3890,2148,935,613,26.49,6622.5,31335,3.18818043,23.61574858,7875,131.25,1.478,8610.423099,2098.43626,2443.317055,6790.191833,0.216696724,12.1,90.7,39.2,37.5,11.2,80.3,12.72661651,14.55555556,13.7995,49.3815291275,36.28,8.4,54.7908017,34.49,41.8536005667,84.89,86.8,97,68.91,60.58,69.58,0.415,47,1657,219,51,0,0,8,44,1438,256,209,168,105,0,50.7543753772,92.9622,74.4174571429,98.62,98.62,77.03020388,81.3200785594,87.6079315595,34.4886268524,60.8662778217,2.35617242911,94.4461828934,60.1808783526,0,0,1,1,1,1,4,1,0.0248842773701,1,1,509439.53125,3066.50950995421
25,26,6001405402,Oakland,"Alameda County, CA",CA,6001,41860,"San Francisco-Oakland-Berkeley, CA",6,3357,0,0.2968,0.0712,0.6402,1.6135,56.3406,5206.4265,0.0,0.4581,1.6901,15.6439,22.2668,0.5435,0.1653,2,0.0009,0.0005,2,730,0,-8.4,16,90,13,18.1,-1,4.165,0.0536,0.0593,0.0823,0.0059,0.4428,0.0,0.0983,0.1847,0.4355,0.7085,66.7634,CA,6001405402,"Census Tract 4054.02, Alameda County, California",0.110181541638,3275,1827,940,508,29.01,7252.5,31067,3.18818043,23.61574858,8000,133.3333333,1.604,9562.35864,2098.43626,2482.099865,7985.45112,0.25703966,16.5,93.4,31.4,27.3,24.8,82.1,20.70851495,15.25,8.8528,51.2653287375,7.55,6.9,45.2029495,19.24,23.9976498333,84.72,90.1,97,77.56,72.39,77.54,0.4175,49,1180,117,0,0,11,0,9,1063,252,99,46,61,17,41.9491525424,81.3581,77.0811571429,96.92,96.92,66.76335941,84.9747978519,87.3383242379,34.9963076767,60.1217384906,2.43676605549,94.3853035247,60.7088729729,1,0,1,1,0,1,4,1,0.0223677769826,1,1,460411.99609375,2764.34683025339
26,27,6001405500,Oakland,"Alameda County, CA",CA,6001,41860,"San Francisco-Oakland-Berkeley, CA",6,3880,0,0.1599,0.137,0.7649,3.1284,111.6963,4412.5581,0.0,0.8909,2.969,33.7712,44.6323,0.5506,0.0547,1,0.0009,0.0005,2,730,1,-8.5,17,81,14,11.7,0,4.165,0.0655,0.0458,0.1405,0.0,0.3435,0.0,0.0986,0.126,0.2938,0.4784,72.7849,CA,6001405500,"Census Tract 4055, Alameda County, California",0.158966301542,4063,2266,1213,341,31.95,7987.5,42007,3.18818043,23.61574858,8300,138.3333333,1.742,10661.13598,2098.43626,2575.17861,8597.916787,0.204678191,5.5,79.0,35.7,37.9,20.9,85.6,10.68325051,14.66666667,13.0856,47.0922126275,41.56,8.6,55.9919737,59.68,52.4106579,75.05,74.1,92,28.62,35.87,62.52,0.4363,61,1572,407,2,64,23,10,75,1165,236,183,16,45,32,43.6386768448,84.2262,62.7551714286,96.24,96.24,72.78488844,91.2324896734,86.2577329279,33.9174137053,58.5093321777,2.49628919599,94.4366194581,61.1416461897,0,1,1,1,0,1,4,1,0.0306469882468,1,1,655299.93359375,3750.79792089648
27,28,6001405800,Oakland,"Alameda County, CA",CA,6001,41860,"San Francisco-Oakland-Berkeley, CA",6,4370,1,0.1952,0.104,0.6313,2.8412,109.2853,2152.2833,0.0,0.7443,3.3492,30.8676,44.478,0.4486,0.0807,2,0.0009,0.0005,2,730,1,-7.8,23,61,15,13.1,-1,4.165,0.1423,0.0655,0.1194,0.0142,0.5044,0.0,0.065,0.2578,0.5092,0.5383,66.3083,CA,6001405800,"Census Tract 4058, Alameda County, California",0.200407787508,4645,2019,1178,275,34.62,8655.0,27905,3.18818043,23.61574858,6525,108.75,1.685,10554.81512,2098.43626,2024.462702,8468.564826,0.303478403,8.1,85.8,36.2,34.8,20.9,55.1,33.46011827,13.33333333,24.0225,49.5956545675,21.88,13.4,77.5880744,48.62,49.3626914667,94.02,65.5,87,71.21,78.02,82.68,0.4722,79,1338,461,57,37,0,26,17,877,135,154,175,60,0,49.4020926756,91.6511,83.3687285714,98.38,98.38,66.30830779,83.9708841537,82.57826187,31.2399666037,55.1700664513,2.70558887763,94.3471922655,58.3353267036,0,0,1,1,0,1,3,0,0.0360023214906,1,1,836072.234375,4369.63519389741
28,29,6001405901,Oakland,"Alameda County, CA",CA,6001,41860,"San Francisco-Oakland-Berkeley, CA",6,4426,1,0.345,0.0962,0.6362,1.9245,79.5315,8582.2126,0.0,0.5625,4.0849,23.0252,33.2681,0.5299,0.1155,3,0.0009,0.0005,2,730,1,-7.6,20,65,14,20.5,-1,4.165,0.087,0.0768,0.1252,0.0145,0.623,0.0488,0.0927,0.3964,0.5416,0.672,69.8717,CA,6001405901,"Census Tract 4059.01, Alameda County, California",0.174745131976,4348,2029,843,652,30.82,7705.0,24247,3.18818043,23.61574858,8125,135.4166667,1.765,10694.38359,2098.43626,2520.882676,7638.450841,0.315026636,11.5,90.2,24.0,40.7,23.7,83.6,37.22340987,16.22222222,4.0516,53.7687524675,16.65,7.8,51.024815,67.66,45.111605,98.27,70.2,90,77.56,95.1,94.21,0.4572,73,1100,328,8,10,52,10,40,772,218,132,57,31,0,50.7272727273,92.943,88.7261428571,98.64,98.64,69.87173318,84.6813080901,77.9226370968,27.9017708914,48.38172224,2.65791449486,94.2751163757,55.9700781981,1,0,1,1,0,1,4,1,0.0273763312854,1,1,724514.67578125,3426.89412314615
29,30,6001405902,Oakland,"Alameda County, CA",CA,6001,41860,"San Francisco-Oakland-Berkeley, CA",6,2942,0,0.2915,0.1202,0.6708,1.4989,54.7843,8521.9507,0.0,0.4145,1.9773,15.1169,22.2207,0.4751,0.1028,2,0.0009,0.0005,2,730,1,-8.0,17,75,14,25.1,-1,4.165,0.1042,0.1126,0.1614,0.0,0.3047,0.0,0.0886,0.3654,0.4626,0.6017,64.3602,CA,6001405902,"Census Tract 4059.02, Alameda County, California",0.18813978256,2979,1345,750,197,29.78,7445.0,25719,3.18818043,23.61574858,6750,112.5,1.946,11681.99011,2098.43626,2094.271761,8915.747247,0.34665995,10.3,89.0,23.9,26.7,39.1,60.0,48.14264694,16.16666667,4.3358,50.369611735,31.04,10.4,65.5853804,73.56,56.7284601333,97.83,68.1,88,92.1,83.23,87.32,0.4878,85,925,295,24,17,8,12,24,630,186,105,89,29,12,54.7027027027,95.877,89.9081428571,99.41,99.41,64.36024691,86.6178357013,84.6731630921,31.5553791433,55.5039396781,2.55659458397,94.327914495,59.205804449,1,1,1,1,0,1,5,1,0.0298223616638,1,1,775038.625,3652.20309688886
30,31,6001406000,Oakland,"Alameda County, CA",CA,6001,41860,"San Francisco-Oakland-Berkeley, CA",6,3796,1,0.2755,0.1498,0.6459,2.5383,83.7722,27113.3066,0.0,0.7711,3.1623,24.9135,33.2993,0.4256,0.0695,1,0.0009,0.0005,2,730,0,-8.5,16,91,12,19.3,-3,4.165,0.1231,0.1362,0.1921,0.0,0.1047,0.0082,0.1077,0.2237,0.5034,0.6081,94.1448,CA,6001406000,"Census Tract 4060, Alameda County, California",0.816214994776,3344,1885,959,454,24.59,6147.5,32373,3.18818043,23.61574858,7400,123.3333333,1.459,8350.300319,2098.43626,2295.942375,7049.591218,0.217761444,6.9,83.3,50.0,33.1,9.9,72.7,12.88903079,17.38888889,1.1918,42.5202076975,69.31,8.0,52.2968075,81.36,67.6556025,93.24,84.8,96,92.83,42.11,91.03,0.502,89,1551,236,0,10,1,0,16,1315,224,151,103,65,19,37.9754996776,73.6709,82.5544142857,98.89,98.89,94.14481915,84.7539582807,88.9288082718,33.9161550291,59.9171833208,2.37325248634,94.2962024504,60.6975933065,0,1,1,1,1,1,5,1,0.0995606872125,1,1,4133140.1484375,12352.8826065493
31,32,6001406100,Oakland,"Alameda County, CA",CA,6001,41860,"San Francisco-Oakland-Berkeley, CA",6,4733,1,0.2541,0.1338,0.4238,2.2764,105.6716,44437.7318,0.0,0.6149,9.579,35.4739,43.9975,0.4412,0.0427,1,0.0009,0.0005,2,730,0,-6.7,21,65,15,24.2,-2,4.165,0.1551,0.0688,0.0955,0.0068,0.2296,0.0184,0.181,0.3308,0.5177,0.526,90.9512,CA,6001406100,"Census Tract 4061, Alameda County, California",0.711857029604,4659,2082,1430,312,31.86,7965.0,31522,3.18818043,23.61574858,6500,108.3333333,2.102,12854.1578,2098.43626,2016.70614,11159.91352,0.354035706,4.3,73.4,18.0,40.9,36.8,54.5,50.72322941,17.25,1.4444,45.0169073525,21.35,18.8,90.0254121,26.21,45.8618040333,95.93,64.8,86,72.63,67.39,83.68,0.4781,81,1475,519,12,6,75,97,45,956,234,255,85,12,17,56.813559322,96.9575,83.3696428571,98.09,98.09,90.95120912,70.803397695,71.6376019554,27.5669047881,46.1689893491,2.81031588316,94.0591636933,52.1743955607,0,0,1,1,1,1,4,1,0.0661186216582,1,1,3093945.09375,8127.43135441593
32,33,6001406201,Oakland,"Alameda County, CA",CA,6001,41860,"San Francisco-Oakland-Berkeley, CA",6,4995,1,0.2188,0.0561,0.6091,2.3838,104.1621,8798.5176,0.0,0.6813,6.3852,29.9751,44.2849,0.5217,0.0922,2,0.0009,0.0005,2,730,1,-7.3,16,80,14,17.6,0,4.165,0.1248,0.0817,0.0968,0.0,0.5597,0.0,0.1333,0.3178,0.5686,0.6064,75.9015,CA,6001406201,"Census Tract 4062.01, Alameda County, California",0.157558959752,4858,2310,1078,538,28.76,7190.0,26455,3.18818043,23.61574858,7650,127.5,1.699,10105.81106,2098.43626,2373.507996,7578.279871,0.286459266,9.2,87.6,39.7,22.8,28.2,76.9,28.33504539,14.29166667,15.8137,52.1621863475,3.66,16.1,85.0707511,27.69,38.8069170333,96.82,80.9,95,79.24,83.78,85.11,0.4621,75,1485,283,9,55,31,6,34,1202,302,151,165,74,11,56.430976431,96.7914,87.3916285714,96.49,96.49,75.90151088,82.678993675,74.0699250471,26.1174875914,44.9433262387,2.76006279617,94.2278335843,54.1329381554,1,0,1,1,1,1,5,1,0.0284403265952,1,1,655888.12890625,3528.4430446831
33,34,6001406202,Oakland,"Alameda County, CA",CA,6001,41860,"San Francisco-Oakland-Berkeley, CA",6,4817,1,0.3486,0.0992,0.4012,1.7168,78.2456,6977.563,0.0,0.4755,4.1869,23.1247,33.1685,0.5055,0.0928,2,0.0009,0.0005,2,730,0,-7.1,15,88,13,21.8,-1,4.165,0.2089,0.0559,0.1086,0.0187,0.4759,0.002,0.1159,0.3553,0.5531,0.7327,77.7135,CA,6001406202,"Census Tract 4062.02, Alameda County, California",0.151422640666,4751,2112,1059,516,32.24,8060.0,28148,3.18818043,23.61574858,7950,132.5,1.728,10602.46879,2098.43626,2466.586741,8295.567594,0.294712505,9.3,87.7,30.9,37.5,22.3,81.4,30.77403593,14.5,14.4133,53.5718339825,22.36,22.5,94.3558802,47.11,54.6086267333,94.87,86.5,96,56.7,86.65,93.92,0.4561,72,1337,180,0,11,5,31,6,1157,160,214,59,82,19,43.904263276,84.6188,83.5369714286,98.93,98.93,77.7134687,67.7785805644,71.9283756688,26.2776650549,44.9536512247,2.82241063263,94.1765993364,51.3228804136,1,1,1,1,1,1,6,1,0.0266686913811,1,1,631009.6015625,3375.77408360561
34,35,6001406300,Oakland,"Alameda County, CA",CA,6001,41860,"San Francisco-Oakland-Berkeley, CA",6,4383,1,0.2756,0.0996,0.6826,2.3059,104.8372,4170.3772,0.0,0.644,2.9871,30.2508,44.3262,0.4408,0.0315,2,0.0009,0.0005,2,730,1,-7.4,17,62,15,16.7,0,4.165,0.0705,0.0874,0.1421,0.0,0.4461,0.0152,0.0956,0.2693,0.4371,0.5653,69.9226,CA,6001406300,"Census Tract 4063, Alameda County, California",0.187535919032,4425,2162,1340,466,34.84,8710.0,25339,3.18818043,23.61574858,7650,127.5,2.238,14045.34033,2098.43626,2373.507996,11531.05995,0.455071627,3.1,65.0,15.3,36.3,45.3,76.9,81.27377218,14.375,15.1958,59.592393045,16.19,7.5,49.1348784,59.68,41.6682928,91.7,57.8,81,87.6,78.81,84.97,0.4867,84,1255,529,83,19,63,19,64,726,154,88,5,46,10,43.9043824701,84.6216,84.6716571429,95.47,95.47,69.92259998,87.056801929,72.3480811313,26.793302212,45.7936869958,2.83933386623,94.2498163285,54.8468370771,1,0,1,1,0,1,4,1,0.0291312980095,1,1,777922.109375,3601.78849055178
35,36,6001406400,Oakland,"Alameda County, CA",CA,6001,41860,"San Francisco-Oakland-Berkeley, CA",6,2545,0,0.0742,0.2555,0.7273,1.2413,53.2166,6617.0888,0.0,0.3102,0.9715,16.4501,22.2243,0.5527,0.1291,1,0.0009,0.0005,2,730,1,-7.5,23,62,15,21.1,-2,4.165,0.0698,0.068,0.1772,0.123,0.4796,0.0,0.0428,0.107,0.4069,0.3564,65.2566,CA,6001406400,"Census Tract 4064, Alameda County, California",0.188409281756,2466,955,541,158,30.43,7607.5,31654,3.18818043,23.61574858,7650,127.5,1.885,11381.85119,2098.43626,2373.507996,9168.413149,0.289644694,12.9,91.4,20.4,32.0,34.7,76.9,29.25122852,14.91666667,11.0797,52.15773213,85.69,7.0,45.8632469,85.23,72.2610823,65.04,52.8,76,66.4,49.33,73.51,0.4474,67,748,353,37,0,0,0,29,395,52,104,55,19,18,41.9786096257,81.4102,68.3843142857,92.07,92.07,65.25660237,88.8378401095,76.1952343118,28.327223885,49.0502028956,2.89829113221,94.3333007475,56.6070155136,1,1,1,1,0,1,5,1,0.0301380403013,1,1,911756.828125,3820.60521332786
36,37,6001406500,Oakland,"Alameda County, CA",CA,6001,41860,"San Francisco-Oakland-Berkeley, CA",6,6586,1,0.2084,0.1049,0.6449,2.1537,103.149,4997.0052,0.0,0.5742,2.7272,28.8536,44.25,0.4545,0.0741,3,0.0009,0.0005,2,730,1,-7.3,19,71,15,15.3,-1,4.165,0.0636,0.091,0.1172,0.0,0.3571,0.0063,0.1022,0.213,0.5002,0.5474,85.0493,CA,6001406500,"Census Tract 4065, Alameda County, California",0.287648306612,6055,2873,1754,488,32.79,8197.5,27937,3.18818043,23.61574858,7025,117.0833333,1.778,10961.96828,2098.43626,2179.593944,9228.438098,0.330330318,7.4,84.4,31.9,35.9,24.7,65.7,42.5053444,14.54166667,13.86,51.6163361,20.35,7.7,50.3943732,44.03,38.2581244,93.12,68.0,88,75.9,83.1,84.97,0.4541,71,1948,623,88,38,18,74,65,1325,257,320,180,108,0,58.932238193,97.843,84.8475714286,95.99,95.99,85.0492858,85.1667394543,68.7644906528,25.1445330759,44.1103022512,2.96232474472,94.1943852558,53.3904625724,1,0,1,1,1,1,5,1,0.0387388921535,1,1,1200578.41796875,4865.37765616634
37,38,6001406601,Oakland,"Alameda County, CA",CA,6001,41860,"San Francisco-Oakland-Berkeley, CA",6,4955,1,0.1783,0.1101,0.6058,2.06,103.6264,29277.1951,0.0,0.5238,1.7584,24.5447,44.3418,0.5993,0.0513,2,0.0009,0.0005,2,730,1,-7.0,23,50,16,13.0,0,4.165,0.1029,0.0675,0.1407,0.0172,0.3829,0.0,0.0498,0.1838,0.4607,0.4915,85.8343,CA,6001406601,"Census Tract 4066.01, Alameda County, California",0.288574179208,5042,2263,1451,454,30.63,7657.5,31880,3.18818043,23.61574858,8475,141.25,1.753,10603.71929,2098.43626,2629.474545,9849.397986,0.308952258,5.1,77.3,35.6,38.2,21.1,87.4,35.26888587,13.83333333,19.7526,54.9303714675,35.13,7.5,49.1348784,74.56,52.9416261333,87.34,71.9,91,71.21,57.11,52.71,0.456,72,1746,491,69,7,61,14,29,1255,188,229,178,90,74,53.7800687285,95.3017,75.2388142857,96.28,96.28,85.83428422,82.7909350216,66.3057892648,25.5972649249,44.2061781837,3.11301479129,94.2586919846,52.7119790285,1,1,1,1,1,1,6,1,0.0355660659341,1,1,1170559.609375,4345.48010843228
38,39,6001406700,Oakland,"Alameda County, CA",CA,6001,41860,"San Francisco-Oakland-Berkeley, CA",6,5159,0,0.045,0.1992,0.7196,2.7563,129.7221,5013.2466,0.0,0.632,1.3361,35.4404,55.6411,0.4865,0.0341,1,0.0009,0.0005,2,730,1,-7.0,21,37,17,13.2,0,4.165,0.0302,0.0183,0.1408,0.0,0.1296,0.0,0.0675,0.0987,0.1976,0.2843,91.1877,CA,6001406700,"Census Tract 4067, Alameda County, California",0.650090362154,4992,2669,1636,365,31.68,7920.0,61207,3.18818043,23.61574858,7700,128.3333333,1.962,11978.99171,2098.43626,2389.02112,10018.68005,0.1636852,3.4,67.5,24.9,43.8,27.9,77.6,5.601210472,13.26666667,24.2875,43.747177618,80.64,3.4,17.8044242,72.02,56.8214747333,57.11,34.0,54,34.11,8.45,31.03,0.4421,64,2178,1438,50,61,25,56,188,740,111,45,42,106,80,35.0780532599,66.5824,45.0403428571,86.11,86.11,91.18767099,88.4554107157,69.9556682665,25.7395207355,47.646632119,3.23243894553,94.3680448195,54.899619267,0,1,0,1,1,1,4,1,0.0651731881768,1,1,2753829.875,8018.05340175762
39,40,6001407000,Oakland,"Alameda County, CA",CA,6001,41860,"San Francisco-Oakland-Berkeley, CA",6,5869,1,0.2055,0.1292,0.7014,2.4914,128.4011,24765.8679,0.0,0.6127,2.8386,27.5305,55.2358,0.4884,0.0687,2,0.0009,0.0005,2,730,1,-6.7,20,53,16,19.9,-1,4.165,0.1542,0.0471,0.107,0.0377,0.3537,0.0,0.0748,0.215,0.3764,0.533,88.2195,CA,6001407000,"Census Tract 4070, Alameda County, California",0.333181315472,5924,2890,1847,396,31.35,7837.5,30986,3.18818043,23.61574858,7150,119.1666667,1.812,11030.93278,2098.43626,2218.376754,9555.786304,0.308390444,6.9,83.3,31.8,34.5,26.8,68.1,35.09397818,14.5,14.4133,50.226819545,34.51,17.4,87.6709761,38.91,53.6969920333,91.05,54.5,78,47.32,53.31,75.63,0.4081,42,1991,906,13,0,31,189,106,1085,291,167,66,83,52,50.1255650427,92.4048,68.5306857143,97.56,97.56,88.2195246,87.8055515924,64.3280031676,24.712082549,43.1105818923,3.20856652339,94.1591407824,52.8873210845,1,1,1,1,1,1,6,1,0.038687455978,1,1,1381293.56640625,4742.88546891866
40,41,6001407101,Oakland,"Alameda County, CA",CA,6001,41860,"San Francisco-Oakland-Berkeley, CA",6,3821,0,0.2558,0.1192,0.589,1.0519,51.7444,2416.1805,0.0,0.2732,1.5194,15.1205,22.0877,0.473,0.0635,3,0.0009,0.0005,2,730,0,-7.0,16,74,15,24.3,0,4.165,0.2054,0.0469,0.0919,0.017,0.3281,0.0,0.1004,0.3958,0.5067,0.6338,62.0053,CA,6001407101,"Census Tract 4071.01, Alameda County, California",0.143181293476,3737,1826,1085,297,37.98,9495.0,25267,3.18818043,23.61574858,8375,139.5833333,1.913,12329.49697,2098.43626,2598.448296,10265.8852,0.406296165,6.4,81.9,26.3,36.9,30.4,86.4,68.07379439,12.66666667,29.2576,66.4078485975,20.35,17.1,87.1141322,36.77,48.0780440667,96.0,66.3,87,56.7,85.09,92.72,0.4481,68,1056,356,102,20,0,15,0,700,38,153,84,52,8,44.696969697,85.8778,81.6268285714,97.67,97.67,62.00525165,82.0470007668,67.4772750865,25.4824853057,43.9842205688,2.99459549302,94.1544123785,52.6899982665,1,0,1,1,0,1,4,1,0.0260335054498,1,1,594564.52734375,3228.34393529638
41,42,6001407102,Oakland,"Alameda County, CA",CA,6001,41860,"San Francisco-Oakland-Berkeley, CA",6,4387,1,0.2032,0.085,0.8089,2.0449,103.424,6561.4543,0.0,0.5188,2.9321,30.3132,44.0906,0.4562,0.0664,2,0.0009,0.0005,2,730,1,-6.8,18,48,16,24.1,-1,4.165,0.0901,0.0476,0.0974,0.0155,0.4572,0.0066,0.0458,0.2849,0.4215,0.4044,74.0167,CA,6001407102,"Census Tract 4071.02, Alameda County, California",0.255160526026,4416,1867,1352,267,36.28,9070.0,31763,3.18818043,23.61574858,7500,125.0,1.913,12154.18791,2098.43626,2326.968624,11428.59933,0.359808561,6.6,82.5,23.1,42.7,27.6,74.3,52.76104278,13.125,25.4476,58.752160695,12.47,12.7,75.1482371,64.74,50.7860790333,93.19,52.8,76,85.82,68.71,82.68,0.4768,81,1355,640,54,9,78,58,35,715,124,67,77,41,41,43.0996309963,83.342,81.5345714286,92.37,92.37,74.01668981,92.9635775638,65.8336788213,25.41365031,43.5712939279,3.06547104291,94.1216627414,54.1615557346,1,1,1,1,0,1,5,1,0.0408984237287,1,1,1067422.8515625,5124.85048767059
42,43,6001407200,Oakland,"Alameda County, CA",CA,6001,41860,"San Francisco-Oakland-Berkeley, CA",6,6985,1,0.2719,0.115,0.7527,2.1587,104.5756,14283.6388,0.0,0.5634,3.8621,42.9013,44.0622,0.5658,0.1672,3,0.0009,0.0005,2,730,0,-6.8,16,79,14,26.6,-2,4.165,0.1543,0.1147,0.1046,0.0182,0.5136,0.019,0.1095,0.397,0.5585,0.7155,89.6026,CA,6001407200,"Census Tract 4072, Alameda County, California",0.276090343242,6894,3349,1487,1112,30.78,7695.0,25140,3.18818043,23.61574858,7000,116.6666667,1.6,9691.175339,2098.43626,2171.837382,7171.610105,0.28526691,16.7,93.5,30.2,29.5,23.6,65.2,27.9699603,17.08333333,1.7313,47.100315075,18.94,21.5,93.3657812,50.08,54.1285937333,98.56,75.7,92,84.12,83.31,89.53,0.5088,90,1927,469,23,0,43,22,33,1458,264,231,205,132,24,50.7005708355,92.921,90.063,99.05,99.05,89.60255159,90.6880086415,68.8914722747,26.5271983038,45.4829011676,2.93693646478,94.1016039705,54.7713534705,0,1,1,1,1,1,5,1,0.0375611109522,1,1,1139029.11328125,4651.61012695837
43,44,6001407300,Oakland,"Alameda County, CA",CA,6001,41860,"San Francisco-Oakland-Berkeley, CA",6,2420,1,0.1966,0.0628,0.713,0.9933,52.61,6631.5887,0.0076,0.2363,2.3585,19.8521,21.8493,0.6,0.0446,3,0.0009,0.0005,2,730,0,-5.1,23,69,16,19.9,0,4.165,0.226,0.1102,0.0843,0.0,0.4458,0.0,0.1137,0.3808,0.5015,0.5329,95.3038,CA,6001407300,"Census Tract 4073, Alameda County, California",0.915415795534,2440,1264,573,317,42.42,10605.0,26188,3.18818043,23.61574858,7875,131.25,1.976,13208.48369,2098.43626,2443.317055,8957.292884,0.342038066,4.5,74.5,30.5,28.2,36.9,80.3,46.58513562,13.16666667,25.3199,56.676258905,6.04,22.6,94.4385042,14.78,38.4195014,96.59,77.7,93,91.74,76.37,76.25,0.4291,57,730,163,50,0,6,2,14,567,87,102,42,47,30,52.0547945205,94.0729,83.5747,97.67,97.67,95.30375727,88.7224701794,64.155644767,27.1476934404,46.3715550485,3.03164515296,93.9079950696,53.8895006097,1,0,1,1,1,1,5,1,0.0859422772712,1,1,4148117.08984375,10671.114474647
44,45,6001407400,Oakland,"Alameda County, CA",CA,6001,41860,"San Francisco-Oakland-Berkeley, CA",6,4531,1,0.2148,0.0628,0.8787,1.4827,78.9708,10476.1675,0.0094,0.3594,2.9895,23.3075,32.8476,0.3915,0.0265,3,0.0009,0.0005,2,730,0,-5.9,17,75,15,30.8,0,4.165,0.0991,0.1332,0.132,0.0,0.5733,0.0,0.2644,0.3638,0.5414,0.5039,75.7682,CA,6001407400,"Census Tract 4074, Alameda County, California",0.197487698082,4399,1889,1214,226,34.38,8595.0,26237,3.18818043,23.61574858,7100,118.3333333,2.232,13952.33846,2098.43626,2202.86363,11420.64313,0.43528769,2.6,59.9,15.2,38.6,43.6,67.2,76.45686999,14.72222222,12.5103,54.0167924975,7.26,10.1,64.1953536,52.92,41.4584512,97.15,65.7,87,90.78,86.68,80.76,0.4339,60,1127,386,38,29,23,28,47,741,165,83,35,27,15,43.4782608696,83.9639,83.7619857143,97.17,97.17,75.76815738,96.5595552531,63.8625024004,27.2170504321,45.8772013837,3.11524337039,93.9655303226,55.0995138604,1,0,1,1,1,1,5,1,0.0344963568253,1,1,828131.390625,4145.84409764746
45,46,6001407500,Oakland,"Alameda County, CA",CA,6001,41860,"San Francisco-Oakland-Berkeley, CA",6,4299,1,0.2515,0.0794,0.7065,1.4195,77.5567,4704.8896,0.0108,0.3243,3.3,19.1666,32.8254,0.4574,0.0465,3,0.0009,0.0005,2,730,0,-5.3,19,71,15,23.3,-1,4.165,0.1099,0.131,0.1316,0.0,0.524,0.0106,0.0965,0.3402,0.6915,0.6754,78.1836,CA,6001407500,"Census Tract 4075, Alameda County, California",0.190928211204,4560,1655,1156,167,27.5,6875.0,27652,3.18818043,23.61574858,7850,130.8333333,1.931,11354.61123,2098.43626,2435.560493,10578.3819,0.382553953,4.7,75.5,29.1,34.9,31.4,79.9,60.35703379,15.38888889,7.9851,55.9355334475,11.7,14.3,80.3709053,53.62,48.5636351,98.58,75.3,92,86.73,92.99,94.55,0.5519,96,1358,336,71,23,12,0,45,1022,218,266,46,26,0,52.0618556701,94.0853,93.5621857143,95.67,95.67,78.18364289,88.392273061,61.3710283438,25.3960452624,43.9675644075,3.2664537721,93.9490485646,52.7237355686,1,0,1,1,1,1,5,1,0.0333774196997,1,1,793625.203125,4039.58346242184
46,47,6001407600,Oakland,"Alameda County, CA",CA,6001,41860,"San Francisco-Oakland-Berkeley, CA",6,6327,0,0.0867,0.0723,0.6716,2.4568,128.5076,7137.6682,0.0045,0.593,4.2477,30.2981,54.9908,0.5609,0.0,2,0.0009,0.0005,2,730,1,-6.4,22,47,17,3.5,-1,4.165,0.1041,0.0372,0.1196,0.0212,0.5071,0.0,0.1008,0.1823,0.2563,0.4971,87.7837,CA,6001407600,"Census Tract 4076, Alameda County, California",0.394871148624,6606,3078,2044,404,34.52,8630.0,38221,3.18818043,23.61574858,6325,105.4166667,2.093,13099.23849,2098.43626,1962.410206,10936.61804,0.286141599,0.0,0.0,25.5,39.7,34.8,50.6,28.2364863,13.43333333,22.8967,25.433296575,7.83,10.3,65.1174094,36.77,36.5724698,89.17,46.3,70,52.17,56.96,75.63,0.4494,68,2123,1139,37,22,84,15,220,984,136,159,129,110,139,49.5054168629,91.7527,71.9546714286,88.15,88.15,87.78371988,86.3068124198,63.5339801737,24.8073745276,43.4162679599,3.17822224268,94.0568116506,52.5499114957,0,0,1,1,1,1,4,1,0.0505486810003,1,1,1637833.78515625,6109.24163090254
47,48,6001408200,Oakland,"Alameda County, CA",CA,6001,41860,"San Francisco-Oakland-Berkeley, CA",6,4570,0,0.0142,0.1199,0.6697,1.3314,77.4599,5791.3509,0.0006,0.2791,1.9849,10.5963,32.789,0.5302,0.0855,2,0.0009,0.0005,2,730,1,-5.6,23,57,16,18.8,0,4.165,0.0891,0.072,0.1327,0.0,0.6477,0.0031,0.0495,0.0872,0.3155,0.4305,81.0184,CA,6001408200,"Census Tract 4082, Alameda County, California",0.34817327003,4455,2515,1681,348,30.52,7630.0,40581,3.18818043,23.61574858,8100,135.0,1.941,11729.40267,2098.43626,2513.126113,10643.29777,0.26227293,8.5,86.5,19.4,41.3,30.7,83.3,21.94397401,12.55555556,29.9495,55.4233685025,27.17,7.8,51.024815,60.32,46.171605,51.62,59.2,82,73.98,37.13,69.3,0.5015,88,1961,801,0,84,41,52,157,1160,306,164,100,122,32,53.9520652728,95.4171,71.0638714286,72.28,72.28,81.01843578,86.4196274859,57.4902010062,25.2747882472,44.7506527489,3.76676323375,93.9216521316,51.9372808089,1,0,1,1,1,1,5,1,0.0390618692905,1,1,1444079.07421875,4789.48254194707
48,49,6001408300,Oakland,"Alameda County, CA",CA,6001,41860,"San Francisco-Oakland-Berkeley, CA",6,5047,1,0.0539,0.1294,0.7589,2.0546,129.8379,16113.2448,0.0022,0.4216,3.1434,12.9401,54.5157,0.6676,0.0725,1,0.0009,0.0005,2,730,1,-5.4,26,34,18,9.6,-1,4.165,0.061,0.1252,0.1663,0.0,0.3344,0.0,0.0613,0.1783,0.2573,0.3671,87.1981,CA,6001408300,"Census Tract 4083, Alameda County, California",0.58751983034,5323,2456,1520,619,36.19,9047.5,42375,3.18818043,23.61574858,9175,152.9166667,2.084,13230.52057,2098.43626,2846.658283,11563.80947,0.272892259,7.2,84.0,15.4,38.9,38.4,92.7,24.51067492,13.53333333,22.0441,55.81369373,30.48,6.7,43.8316693,61.62,45.3105564333,65.36,31.1,49,87.31,24.71,41.41,0.4364,61,1828,1260,122,43,26,95,135,568,50,128,27,58,38,39.4967177243,76.8768,57.9524,85.63,85.63,87.19806431,90.6420529408,53.0047295493,25.8284016131,43.8401630203,3.97014882515,93.8603796126,51.8576459269,1,0,1,1,1,1,5,1,0.063705793876,1,1,2421064.9296875,7800.31990736002
49,50,6001408400,Oakland,"Alameda County, CA",CA,6001,41860,"San Francisco-Oakland-Berkeley, CA",6,3201,1,0.1153,0.1055,0.654,1.2834,77.5274,6111.3792,0.0098,0.2589,3.0301,11.8142,32.5794,0.6504,0.1869,3,0.0009,0.0005,2,730,0,-5.6,20,61,16,21.1,0,4.165,0.0801,0.0595,0.1083,0.0112,0.6518,0.0,0.0415,0.1608,0.4446,0.6994,73.2056,CA,6001408400,"Census Tract 4084, Alameda County, California",0.209521339116,3089,1391,459,339,28.23,7057.5,30417,3.18818043,23.61574858,8050,134.1666667,1.48,8760.894362,2098.43626,2497.612989,5899.928161,0.193968115,18.7,94.3,27.8,40.3,13.2,82.7,9.190982537,13.5,22.6015,52.1981206343,17.14,8.5,55.4011081,39.64,37.3937027,80.98,65.6,87,68.1,66.2,76.25,0.4949,87,1157,398,74,25,40,54,7,759,179,185,70,32,25,59.7234226448,98.0874,80.5167714286,87.25,87.25,73.2055706,85.3977724107,55.4141374855,25.369302963,46.1217758265,3.82964077865,93.7802128084,51.6521403788,1,0,1,1,0,1,4,1,0.0308956624774,1,1,862938.1640625,3790.41403293465
